Category,data_type,Iteration,Min,Max,Mean,Median,STD
Mixture,harmonic,140.0,-2273.4817437722418,2347.9876868327406,-0.9718861209964413,-2.8319572953736656,502.34163701067615
Mixture,skewness,140.0,314.0540569395018,314.0540569395018,314.0540569395018,314.0540569395018,0.0
Music,harmonic,140.0,-4791.784306049822,4770.088896797153,9.80391459074733,9.653807829181495,1283.0451957295375
Music,skewness,140.0,62.58206405693951,62.58206405693951,62.58206405693951,62.58206405693951,0.0
Speech,harmonic,140.0,-2551.3278647686834,2537.3235943060495,-2.095907473309609,-4.289537366548043,472.33451957295375
Speech,skewness,140.0,241.11491103202846,241.11491103202846,241.11491103202846,241.11491103202846,0.0
